RANK	DB	ID	ALT_ID	CONSENSUS	TP	TP%	FP	FP%	ENR_RATIO	SCORE_THR	PVALUE	LOG_PVALUE	EVALUE	LOG_EVALUE	QVALUE	LOG_QVALUE
1	1st_order_15peaks_19/meme_out/meme.xml	ATTHACTMGAAWMBKWGTA	MEME-1	ATTHACTMGAAWMBKWGTA	15	100.00	0	0.00	16	12	6.45e-9	-18.86	4.51e-8	-16.91	4.51e-8	-16.91
2	1st_order_15peaks_19/streme_out/streme.xml	1-ATTCACTCG	STREME-1	ATTCACTCG	14	93.33	0	0.00	15	8.5	1.03e-7	-16.09	7.22e-7	-14.14	3.61e-7	-14.83
3	1st_order_15peaks_19/streme_out/streme.xml	2-CACCGSG	STREME-2	CACCGSG	15	100.00	1	6.67	8	8.2	2.06e-7	-15.39	1.44e-6	-13.45	4.81e-7	-14.55
4	1st_order_15peaks_19/streme_out/streme.xml	5-CGGCAGCGA	STREME-5	CGGCAGCGA	13	86.67	0	0.00	14	6.4	8.77e-7	-13.95	6.14e-6	-12.00	1.53e-6	-13.39
5	1st_order_15peaks_19/streme_out/streme.xml	3-CGKCGRCGAG	STREME-3	CGKCGRCGAG	12	80.00	0	0.00	13	9.8	5.26e-6	-12.16	3.68e-5	-10.21	7.36e-6	-11.82
6	1st_order_15peaks_19/streme_out/streme.xml	4-GAARCYRTT	STREME-4	GAARCYRTT	14	93.33	2	13.33	5	9.6	2.19e-5	-10.73	1.53e-4	-8.78	2.55e-5	-10.58

# SEA (Simple Enrichment Analysis): Version 5.5.1 compiled on Feb  5 2023 at 03:13:38
# The format of this file is described at http://localhost:8080/meme_5.5.1/doc/sea-output-format.html.
# sea --verbosity 1 --oc 1st_order_15peaks_19/sea_out --thresh 0.05 --order 1 --bfile 1st_order_15peaks_19/intergenic_1st.txt --seed 0 --align center --motif-pseudo 0.01 --m 1st_order_15peaks_19/meme_out/meme.xml --m 1st_order_15peaks_19/streme_out/streme.xml --m hbt_motif_meme.txt --p 04a_consensus_peak_seqs.fna
